id,name,tier,flavour,artHint
RC_C_001,Myrgar,Common,,
RC_C_002,Velra,Common,,
RC_C_003,Grimlin,Common,,
RC_C_004,Corra,Common,,
RC_C_005,Myrlin,Common,,
RC_C_006,Vorra,Common,,
RC_C_007,Vorth,Common,,
RC_C_008,Lumos,Common,,
RC_C_009,Kesskin,Common,,
RC_C_010,Irigar,Common,,
RC_C_011,Nymmir,Common,,
RC_C_012,Myrkin,Common,,
RC_C_013,Thallin,Common,,
RC_C_014,Emgar,Common,,
RC_C_015,Bramir,Common,,
RC_C_016,Thalth,Common,,
RC_C_017,Myrlune,Common,,
RC_C_018,Cordor,Common,,
RC_C_019,Veldor,Common,,
RC_C_020,Ordor,Common,,
RC_C_021,Bradros,Common,,
RC_C_022,Corkin,Common,,
RC_C_023,Cormir,Common,,
RC_C_024,Nymlune,Common,,
RC_C_025,Vorris,Common,,
RC_C_026,Torra,Common,,
RC_C_027,Grimane,Common,,
RC_C_028,Falkin,Common,,
RC_C_029,Torgar,Common,,
RC_C_030,Faldros,Common,,
RC_C_031,Thaldor,Common,,
RC_C_032,Vordor,Common,,
RC_C_033,Silris,Common,,
RC_C_034,Emra,Common,,
RC_C_035,Ryndros,Common,,
RC_C_036,Grimth,Common,,
RC_C_037,Falwyn,Common,,
RC_C_038,Cordros,Common,,
RC_C_039,Kesslune,Common,,
RC_C_040,Voros,Common,,
RC_U_001,Vorvex,Uncommon,,
RC_U_002,Rynris,Uncommon,,
RC_U_003,Fallin,Uncommon,,
RC_U_004,Orlin,Uncommon,,
RC_U_005,Orlune,Uncommon,,
RC_U_006,Lumvex,Uncommon,,
RC_U_007,Velth,Uncommon,,
RC_U_008,Emwyn,Uncommon,,
RC_U_009,Falmir,Uncommon,,
RC_U_010,Kessane,Uncommon,,
RC_U_011,Corlin,Uncommon,,
RC_U_012,Grimkin,Uncommon,,
RC_U_013,Nymkin,Uncommon,,
RC_U_014,Kesswyn,Uncommon,,
RC_U_015,Iriwyn,Uncommon,,
RC_U_016,Nymdor,Uncommon,,
RC_U_017,Kessdor,Uncommon,,
RC_U_018,Thalos,Uncommon,,
RC_U_019,Dravex,Uncommon,,
RC_U_020,Falris,Uncommon,,
RC_U_021,Lumlune,Uncommon,,
RC_U_022,Brador,Uncommon,,
RC_U_023,Myrdros,Uncommon,,
RC_U_024,Iridor,Uncommon,,
RC_U_025,Velwyn,Uncommon,,
RC_U_026,Silkin,Uncommon,,
RC_HFA_01,Irioth Wisp,HoloFullArt,,
RC_HFA_02,Silemir Stalker,HoloFullArt,,
RC_HFA_03,Velira Herald,HoloFullArt,,
RC_HFA_04,Corithgar Stalker,HoloFullArt,,
RC_HFA_05,Falithth Tidecaller,HoloFullArt,,
RC_HFA_06,Ashunos Warden,HoloFullArt,,
RC_HFA_07,Ashithkin Wyrm,HoloFullArt,,
RC_HFA_08,Lumedor Wisp,HoloFullArt,,
RC_HFA_09,Velevex Wisp,HoloFullArt,,
RC_HFA_10,Lumaeris Sentinel,HoloFullArt,,
RC_SFAH_01,Thalardor Keeper of Tides,SpecialFullArtHolo,,
RC_SFAH_02,Ashundros the Unbroken,SpecialFullArtHolo,,
RC_SFAH_03,Draath Keeper of Tides,SpecialFullArtHolo,,
RC_SFAH_04,Grimeth Keeper of Tides,SpecialFullArtHolo,,
